{"cameraMode":{"drawMode":0,"name":"Shaded","section":"Shading Mode"},"sceneLighting":false,"audioPlay":false,"sceneViewState":{"showFog":false,"showMaterialUpdate":false,"showSkybox":false,"showFlares":false,"showImageEffects":false,"showParticleSystems":false},"in2DMode":false,"pivot":{"x":0.0022177696228027345,"y":0.0036110877990722658,"z":0.007813215255737305},"rotation":{"x":-0.23677277565002442,"y":-0.5046627521514893,"z":0.14620909094810487,"w":-0.8172374963760376},"size":26.02437973022461,"orthographic":false}