{"cameraMode":{"drawMode":0,"name":"Shaded","section":"Shading Mode"},"sceneLighting":false,"audioPlay":false,"sceneViewState":{"showFog":false,"showMaterialUpdate":false,"showSkybox":false,"showFlares":false,"showImageEffects":false,"showParticleSystems":false},"in2DMode":false,"pivot":{"x":-0.2913922071456909,"y":0.2957070469856262,"z":3.035320997238159},"rotation":{"x":0.5115591883659363,"y":-0.025770096108317376,"z":0.015350532718002797,"w":0.8587243556976318},"size":1.5512187480926514,"orthographic":false}