{"cameraMode":{"drawMode":0,"name":"Shaded","section":"Shading Mode"},"sceneLighting":true,"audioPlay":false,"sceneViewState":{"showFog":false,"showMaterialUpdate":false,"showSkybox":false,"showFlares":false,"showImageEffects":false,"showParticleSystems":false},"in2DMode":false,"pivot":{"x":0.47999998927116396,"y":3.1258482933044435,"z":-8.110417366027832},"rotation":{"x":0.37084919214248659,"y":0.5854559540748596,"z":-0.3421628475189209,"w":0.634536623954773},"size":11.547019004821778,"orthographic":false}