{"cameraMode":{"drawMode":0,"name":"Shaded","section":"Shading Mode"},"sceneLighting":false,"audioPlay":false,"sceneViewState":{"showFog":false,"showMaterialUpdate":false,"showSkybox":false,"showFlares":false,"showImageEffects":false,"showParticleSystems":false},"in2DMode":false,"pivot":{"x":-0.25459375977516177,"y":-0.8122459053993225,"z":0.31640732288360598},"rotation":{"x":-0.043389804661273959,"y":0.9283004403114319,"z":-0.3510061800479889,"w":-0.11476171016693115},"size":1.3942396640777588,"orthographic":false}