{"cameraMode":{"drawMode":0,"name":"Shaded","section":"Shading Mode"},"sceneLighting":false,"audioPlay":false,"sceneViewState":{"showFog":false,"showMaterialUpdate":false,"showSkybox":false,"showFlares":false,"showImageEffects":false,"showParticleSystems":false},"in2DMode":false,"pivot":{"x":13.949151992797852,"y":-2.120952606201172,"z":-21.88652992248535},"rotation":{"x":-0.25130659341812136,"y":-0.6409085988998413,"z":0.23466680943965913,"w":-0.6863036751747131},"size":52.04877853393555,"orthographic":false}