{"cameraMode":{"drawMode":0,"name":"Shaded","section":"Shading Mode"},"sceneLighting":false,"audioPlay":false,"sceneViewState":{"showFog":false,"showMaterialUpdate":false,"showSkybox":false,"showFlares":false,"showImageEffects":false,"showParticleSystems":false},"in2DMode":false,"pivot":{"x":0.0020012855529785158,"y":0.0032587051391601564,"z":42.007049560546878},"rotation":{"x":0.21534834802150727,"y":0.3606281280517578,"z":-0.08595997095108032,"w":0.9034286737442017},"size":23.481948852539064,"orthographic":true}