{"cameraMode":{"drawMode":0,"name":"Shaded","section":"Shading Mode"},"sceneLighting":false,"audioPlay":false,"sceneViewState":{"showFog":false,"showMaterialUpdate":false,"showSkybox":false,"showFlares":false,"showImageEffects":false,"showParticleSystems":false},"in2DMode":false,"pivot":{"x":0.0020012855529785158,"y":0.003258228302001953,"z":489.3525085449219},"rotation":{"x":0.2846625745296478,"y":0.48754021525382998,"z":-0.17190977931022645,"w":0.8072910904884338},"size":38.18877410888672,"orthographic":false}